source,link
"docs/_style/CONCEPT_REGISTRY.md","../_generated/concepts.md"
"docs/development/tooling/INDEX.md","control-plane-transition-rationale.md"
"docs/contracts/contracts-index.md","../_generated/contracts/ERROR_CODES.md"
"docs/contracts/contracts-index.md","../_generated/contracts/ERROR_SCHEMA.md"
"docs/contracts/contracts-index.md","../_generated/contracts/ERROR_STATUS_MAP.md"
"docs/contracts/contracts-index.md","../_generated/contracts/ENDPOINTS.md"
"docs/contracts/contracts-index.md","../_generated/contracts/METRICS.md"
"docs/contracts/contracts-index.md","../_generated/contracts/TRACE_SPANS.md"
"docs/contracts/contracts-index.md","../_generated/contracts/CONFIG_KEYS.md"
"docs/contracts/contracts-index.md","../_generated/contracts/CHART_VALUES.md"
"docs/contracts/contracts-index.md","../_generated/contracts/chart-contract-index.md"
"docs/contracts/contracts-index.md","../_generated/contracts/ARTIFACT_SCHEMA.md"
"docs/contracts/contracts-index.md","../_generated/contracts/POLICY_SCHEMA.md"
"docs/contracts/contracts-index.md","../_generated/contracts/QC_SCHEMA.md"
"docs/contracts/contracts-index.md","../_generated/contracts/NORMALIZED_FORMAT_SCHEMA.md"
"docs/contracts/contracts-index.md","../_generated/contracts/DIFF_SCHEMA.md"
"docs/contracts/contracts-index.md","../_generated/contracts/SHARDING_SCHEMA.md"
"docs/contracts/contracts-index.md","../_generated/contracts/CURSOR_SCHEMA.md"
"docs/start/INDEX.md","../START_HERE.md"
"docs/operations/observability/trace-sampling-policy.md","../../_generated/contracts/POLICY_SCHEMA.md"
"docs/operations/observability/INDEX.md","../../_generated/observability-surface.md"
"docs/reference/evolution/sharding.md","../../_generated/contracts/SHARDING_SCHEMA.md"
